{"stats":{"minecraft:killed":{"minecraft:pig":1,"minecraft:salmon":2,"minecraft:turtle":1},"minecraft:used":{"minecraft:black_terracotta":34,"minecraft:turtle_spawn_egg":1,"minecraft:oak_log":8,"minecraft:oak_fence":13,"minecraft:glass":6,"minecraft:water_bucket":2,"minecraft:villager_spawn_egg":3,"minecraft:quartz_slab":8,"minecraft:light_gray_concrete":86,"minecraft:smooth_quartz_slab":152,"minecraft:grass_block":160,"minecraft:oak_stairs":9,"minecraft:pufferfish_spawn_egg":5,"minecraft:stone_button":1,"minecraft:light_blue_terracotta":1326,"minecraft:jungle_stairs":3,"minecraft:redstone_block":1,"minecraft:smooth_quartz":677,"minecraft:warped_sign":2,"minecraft:waxed_weathered_cut_copper":41,"minecraft:beacon":2,"minecraft:smooth_quartz_stairs":24,"minecraft:glowstone":18,"minecraft:diamond_sword":10,"minecraft:diamond_block":16,"minecraft:cobblestone":172,"minecraft:iron_trapdoor":7,"minecraft:stripped_oak_wood":687,"minecraft:salmon_spawn_egg":2,"minecraft:weathered_cut_copper_stairs":31,"minecraft:crossbow":2,"minecraft:smooth_stone_slab":4,"minecraft:spruce_fence":21,"minecraft:dark_oak_door":1},"minecraft:dropped":{"minecraft:smooth_quartz":2,"minecraft:grass_block":1},"minecraft:custom":{"minecraft:time_since_rest":129695,"minecraft:sprint_one_cm":32312,"minecraft:damage_taken":20,"minecraft:walk_one_cm":204846,"minecraft:mob_kills":4,"minecraft:drop":3,"minecraft:damage_dealt":440,"minecraft:interact_with_beacon":4,"minecraft:talked_to_villager":1,"minecraft:fly_one_cm":825406,"minecraft:open_chest":2,"minecraft:crouch_one_cm":51007,"minecraft:play_time":129695,"minecraft:sneak_time":14775,"minecraft:walk_under_water_one_cm":2460,"minecraft:jump":681,"minecraft:leave_game":3,"minecraft:walk_on_water_one_cm":21336,"minecraft:time_since_death":129695,"minecraft:total_world_time":129695,"minecraft:climb_one_cm":537,"minecraft:fall_one_cm":880},"minecraft:picked_up":{"minecraft:seagrass":2,"minecraft:salmon":2,"minecraft:oak_sign":2,"minecraft:smooth_quartz":1}},"DataVersion":3117}