{"stats":{"minecraft:killed":{"minecraft:pig":1,"minecraft:salmon":2,"minecraft:spider":9,"minecraft:creeper":9,"minecraft:phantom":3,"minecraft:sheep":1,"minecraft:skeleton":8,"minecraft:pillager":2,"minecraft:zombie":13,"minecraft:villager":8},"minecraft:used":{"minecraft:oak_fence":241,"minecraft:water_bucket":516,"minecraft:dark_oak_stairs":60,"minecraft:mossy_stone_bricks":36,"minecraft:netherite_sword":10,"minecraft:jack_o_lantern":37,"minecraft:iron_bars":88,"minecraft:enchanting_table":4,"minecraft:flint_and_steel":59,"minecraft:birch_planks":240,"minecraft:oak_planks":137,"minecraft:oak_sign":50,"minecraft:chest":21,"minecraft:stone":282,"minecraft:oak_door":5,"minecraft:torch":61,"minecraft:dirt":68,"minecraft:sand":3,"minecraft:oak_slab":26,"minecraft:tnt":180,"minecraft:birch_sign":1,"minecraft:white_bed":14,"minecraft:campfire":9,"minecraft:sponge":225,"minecraft:snowball":1365,"minecraft:spruce_log":26,"minecraft:oak_fence_gate":10,"minecraft:oak_log":57,"minecraft:stone_brick_slab":1084,"minecraft:acacia_stairs":167,"minecraft:firework_rocket":3,"minecraft:bookshelf":128,"minecraft:acacia_sign":20,"minecraft:villager_spawn_egg":8,"minecraft:red_wool":37,"minecraft:birch_slab":36,"minecraft:lantern":46,"minecraft:grass_block":3014,"minecraft:oak_stairs":43,"minecraft:acacia_slab":274,"minecraft:lectern":3,"minecraft:dark_oak_slab":24,"minecraft:smooth_quartz":2,"minecraft:stone_brick_stairs":29,"minecraft:cat_spawn_egg":2,"minecraft:barrel":20,"minecraft:stone_bricks":705,"minecraft:yellow_wool":153,"minecraft:waxed_exposed_cut_copper_slab":4,"minecraft:bedrock":1911,"minecraft:diamond_sword":214,"minecraft:waxed_cut_copper_slab":16,"minecraft:hay_block":5,"minecraft:lapis_block":22,"minecraft:glass_pane":89,"minecraft:oak_boat":10,"minecraft:acacia_planks":2,"minecraft:purple_wool":105},"minecraft:custom":{"minecraft:mob_kills":56,"minecraft:open_barrel":3,"minecraft:interact_with_campfire":4,"minecraft:leave_game":33,"minecraft:time_since_death":629798,"minecraft:sleep_in_bed":2,"minecraft:climb_one_cm":460,"minecraft:time_since_rest":629818,"minecraft:sprint_one_cm":110007,"minecraft:damage_taken":565,"minecraft:walk_one_cm":683125,"minecraft:damage_dealt":10683,"minecraft:swim_one_cm":8025,"minecraft:talked_to_villager":8,"minecraft:fly_one_cm":3283427,"minecraft:player_kills":3,"minecraft:open_chest":22,"minecraft:crouch_one_cm":5884,"minecraft:play_time":691136,"minecraft:deaths":2,"minecraft:sneak_time":13976,"minecraft:walk_under_water_one_cm":533790,"minecraft:boat_one_cm":137492,"minecraft:jump":1340,"minecraft:walk_on_water_one_cm":363771,"minecraft:total_world_time":691136,"minecraft:fall_one_cm":10346},"minecraft:mined":{"minecraft:kelp_plant":2,"minecraft:grass_block":3,"minecraft:seagrass":1,"minecraft:tall_seagrass":5,"minecraft:grass":4},"minecraft:picked_up":{"minecraft:wheat":4,"minecraft:azure_bluet":5,"minecraft:gunpowder":7,"minecraft:cornflower":5,"minecraft:white_banner":1,"minecraft:string":11,"minecraft:dirt":129,"minecraft:lantern":5,"minecraft:cooked_salmon":4,"minecraft:bone":5,"minecraft:oak_sign":5,"minecraft:kelp":10,"minecraft:bow":1,"minecraft:wheat_seeds":67,"minecraft:acacia_sign":17,"minecraft:poppy":5,"minecraft:sugar_cane":9,"minecraft:phantom_membrane":2,"minecraft:stick":3,"minecraft:torch":6,"minecraft:dandelion":48,"minecraft:sand":47,"minecraft:villager_spawn_egg":1,"minecraft:spider_eye":2,"minecraft:arrow":12,"minecraft:rotten_flesh":18,"minecraft:crossbow":1,"minecraft:mutton":1,"minecraft:white_wool":1,"minecraft:oxeye_daisy":2,"minecraft:sunflower":65},"minecraft:killed_by":{"minecraft:drowned":1}},"DataVersion":3117}