{"stats":{"minecraft:killed":{"minecraft:pig":1,"minecraft:axolotl":3,"minecraft:skeleton_horse":4,"minecraft:villager":1},"minecraft:used":{"minecraft:mangrove_leaves":1,"minecraft:azalea":3,"minecraft:oak_fence":4,"minecraft:oak_trapdoor":49,"minecraft:wheat_seeds":4,"minecraft:moss_carpet":3,"minecraft:chiseled_polished_blackstone":1,"minecraft:water_bucket":1330,"minecraft:mossy_stone_bricks":10,"minecraft:waxed_oxidized_cut_copper_slab":20,"minecraft:polished_blackstone_brick_slab":2,"minecraft:red_sand":1,"minecraft:orange_concrete":87,"minecraft:red_concrete":27,"minecraft:dark_oak_sign":3,"minecraft:elytra":1,"minecraft:oak_planks":31,"minecraft:oak_sign":19,"minecraft:blue_wool":141,"minecraft:chest":1,"minecraft:mangrove_fence":82,"minecraft:wooden_shovel":182,"minecraft:cracked_stone_bricks":12,"minecraft:white_wool":202,"minecraft:torch":2,"minecraft:mossy_cobblestone":1,"minecraft:dirt":188,"minecraft:sand":32,"minecraft:mangrove_trapdoor":147,"minecraft:light_blue_concrete":26,"minecraft:tnt":4,"minecraft:crafting_table":1,"minecraft:infested_stone_bricks":127,"minecraft:light_blue_wool":2,"minecraft:salmon_bucket":49,"minecraft:campfire":7,"minecraft:cod_bucket":26,"minecraft:blue_concrete":1,"minecraft:sponge":2,"minecraft:stone_brick_wall":45,"minecraft:axolotl_bucket":3,"minecraft:spruce_fence":5,"minecraft:light_blue_stained_glass":37,"minecraft:oak_fence_gate":3,"minecraft:redstone_torch":4,"minecraft:purple_stained_glass":3,"minecraft:stone_brick_slab":510,"minecraft:sea_lantern":212,"minecraft:acacia_stairs":2,"minecraft:cornflower":5,"minecraft:apple":5,"minecraft:oxeye_daisy":2,"minecraft:daylight_detector":42,"minecraft:red_wool":372,"minecraft:lantern":8,"minecraft:grass_block":5112,"minecraft:oak_stairs":2,"minecraft:spruce_pressure_plate":1,"minecraft:lectern":3,"minecraft:spruce_trapdoor":4,"minecraft:stone_brick_stairs":54,"minecraft:pink_wool":150,"minecraft:raw_gold_block":18,"minecraft:stone_bricks":679,"minecraft:yellow_wool":844,"minecraft:yellow_concrete_powder":51,"minecraft:redstone_lamp":48,"minecraft:chiseled_stone_bricks":9,"minecraft:glowstone":22,"minecraft:diamond_sword":18,"minecraft:light_blue_concrete_powder":470,"minecraft:magma_block":3,"minecraft:brown_carpet":14,"minecraft:infested_cracked_stone_bricks":2,"minecraft:iron_trapdoor":6,"minecraft:red_concrete_powder":24,"minecraft:andesite":85,"minecraft:lapis_block":62,"minecraft:bucket":6,"minecraft:tropical_fish_bucket":19,"minecraft:purple_wool":206},"minecraft:dropped":{"minecraft:sugar_cane":1,"minecraft:cornflower":5,"minecraft:redstone_torch":1},"minecraft:custom":{"minecraft:mob_kills":9,"minecraft:interact_with_crafting_table":10,"minecraft:bell_ring":6,"minecraft:leave_game":12,"minecraft:time_since_death":488239,"minecraft:sleep_in_bed":3,"minecraft:climb_one_cm":1096,"minecraft:time_since_rest":488277,"minecraft:sprint_one_cm":5429,"minecraft:damage_taken":1318,"minecraft:walk_one_cm":1118204,"minecraft:drop":3,"minecraft:damage_dealt":1458,"minecraft:swim_one_cm":1127,"minecraft:talked_to_villager":17,"minecraft:fly_one_cm":5312960,"minecraft:open_chest":12,"minecraft:crouch_one_cm":32106,"minecraft:play_time":560110,"minecraft:deaths":4,"minecraft:sneak_time":29033,"minecraft:walk_under_water_one_cm":144938,"minecraft:aviate_one_cm":20306,"minecraft:jump":1176,"minecraft:walk_on_water_one_cm":107374,"minecraft:total_world_time":560110,"minecraft:fall_one_cm":11126},"minecraft:crafted":{"minecraft:oak_planks":40,"minecraft:wooden_shovel":3,"minecraft:crafting_table":1,"minecraft:stick":4},"minecraft:broken":{"minecraft:wooden_shovel":3},"minecraft:mined":{"minecraft:dandelion":57,"minecraft:cornflower":5,"minecraft:grass_block":171,"minecraft:poppy":8,"minecraft:tall_grass":57,"minecraft:sugar_cane":6,"minecraft:oxeye_daisy":7,"minecraft:wheat":5,"minecraft:bee_nest":1,"minecraft:azure_bluet":7,"minecraft:grass":466,"minecraft:oak_log":10,"minecraft:sunflower":92,"minecraft:sand":48,"minecraft:dirt":11,"minecraft:oak_leaves":6},"minecraft:picked_up":{"minecraft:cocoa_beans":7,"minecraft:wheat":20,"minecraft:azure_bluet":25,"minecraft:salmon":6,"minecraft:oak_log":10,"minecraft:cornflower":15,"minecraft:dirt":353,"minecraft:cooked_mutton":1,"minecraft:bone":10,"minecraft:apple":1,"minecraft:wheat_seeds":411,"minecraft:redstone_torch":2,"minecraft:jungle_sapling":8,"minecraft:poppy":32,"minecraft:sugar_cane":37,"minecraft:oak_planks":31,"minecraft:stick":33,"minecraft:torch":4,"minecraft:dandelion":244,"minecraft:porkchop":3,"minecraft:sand":106,"minecraft:grass_block":1,"minecraft:gold_ore":2,"minecraft:mossy_cobblestone":2,"minecraft:brown_carpet":6,"minecraft:tnt":1,"minecraft:arrow":15,"minecraft:rotten_flesh":10,"minecraft:oak_sapling":13,"minecraft:oxeye_daisy":6,"minecraft:sunflower":325},"minecraft:killed_by":{"minecraft:player":3,"minecraft:zombie":1}},"DataVersion":3117}