{"stats":{"minecraft:killed":{"minecraft:creeper":4},"minecraft:used":{"minecraft:mangrove_leaves":13,"minecraft:peony":2,"minecraft:oak_trapdoor":53,"minecraft:dark_oak_stairs":84,"minecraft:petrified_oak_slab":4,"minecraft:water_bucket":556,"minecraft:mossy_stone_bricks":15,"minecraft:netherite_sword":18,"minecraft:jungle_leaves":1,"minecraft:writable_book":2,"minecraft:iron_bars":1,"minecraft:cobblestone_stairs":10,"minecraft:white_tulip":9,"minecraft:snow_block":15,"minecraft:light_gray_stained_glass_pane":16,"minecraft:cracked_deepslate_bricks":1,"minecraft:smooth_quartz_slab":2,"minecraft:pufferfish_spawn_egg":7,"minecraft:spruce_slab":65,"minecraft:redstone":30,"minecraft:dark_oak_sign":33,"minecraft:oak_planks":48,"minecraft:mangrove_planks":68,"minecraft:ladder":13,"minecraft:polished_diorite_slab":76,"minecraft:orange_tulip":7,"minecraft:chest":3,"minecraft:spruce_planks":56,"minecraft:cobblestone_slab":8,"minecraft:mossy_stone_brick_slab":4,"minecraft:polished_blackstone_bricks":19,"minecraft:sculk_sensor":1,"minecraft:oak_leaves":42,"minecraft:spruce_leaves":3,"minecraft:dark_oak_trapdoor":72,"minecraft:stripped_dark_oak_log":680,"minecraft:vine":20,"minecraft:oak_slab":131,"minecraft:crimson_trapdoor":3,"minecraft:brick_slab":9,"minecraft:spruce_stairs":11,"minecraft:nether_bricks":28,"minecraft:cod_bucket":21,"minecraft:campfire":2,"minecraft:sponge":33,"minecraft:stone_brick_wall":2,"minecraft:spruce_fence":3,"minecraft:granite":138,"minecraft:squid_spawn_egg":3,"minecraft:snowball":305,"minecraft:dark_oak_door":6,"minecraft:big_dripleaf":6,"minecraft:redstone_torch":11,"minecraft:andesite_wall":4,"minecraft:dark_oak_planks":462,"minecraft:lever":3,"minecraft:cornflower":2,"minecraft:bricks":147,"minecraft:mangrove_door":2,"minecraft:lantern":26,"minecraft:grass_block":6416,"minecraft:stone_button":8,"minecraft:brown_stained_glass":2,"minecraft:quartz_block":24,"minecraft:dark_oak_leaves":51,"minecraft:dark_oak_slab":160,"minecraft:spruce_trapdoor":16,"minecraft:tropical_fish_spawn_egg":11,"minecraft:diamond_ore":10,"minecraft:crimson_planks":25,"minecraft:flowering_azalea_leaves":9,"minecraft:chiseled_stone_bricks":9,"minecraft:glowstone":8,"minecraft:redstone_lamp":74,"minecraft:cobblestone":35,"minecraft:azalea_leaves":17,"minecraft:iron_trapdoor":45,"minecraft:dark_oak_fence":244,"minecraft:chain":19,"minecraft:glass_pane":129,"minecraft:black_candle":9,"minecraft:smooth_stone_slab":3,"minecraft:tropical_fish_bucket":2,"minecraft:white_concrete":324,"minecraft:mossy_stone_brick_wall":4,"minecraft:seagrass":40,"minecraft:bone_meal":6,"minecraft:dark_oak_sapling":5},"minecraft:dropped":{"minecraft:dark_oak_stairs":1,"minecraft:wheat_seeds":10,"minecraft:cocoa_beans":3,"minecraft:oak_planks":1,"minecraft:grass_block":1,"minecraft:iron_trapdoor":1,"minecraft:dark_oak_fence":1,"minecraft:spruce_planks":1},"minecraft:custom":{"minecraft:mob_kills":4,"minecraft:open_barrel":1,"minecraft:leave_game":5,"minecraft:time_since_death":626638,"minecraft:climb_one_cm":6359,"minecraft:time_since_rest":626638,"minecraft:sprint_one_cm":18196,"minecraft:walk_one_cm":346130,"minecraft:drop":19,"minecraft:damage_dealt":939,"minecraft:swim_one_cm":170,"minecraft:talked_to_villager":5,"minecraft:fly_one_cm":1250891,"minecraft:open_chest":9,"minecraft:crouch_one_cm":6895,"minecraft:play_time":626638,"minecraft:sneak_time":10559,"minecraft:walk_under_water_one_cm":229282,"minecraft:boat_one_cm":22797,"minecraft:jump":676,"minecraft:walk_on_water_one_cm":161867,"minecraft:total_world_time":626638},"minecraft:picked_up":{"minecraft:cocoa_beans":12,"minecraft:ladder":8,"minecraft:iron_trapdoor":1,"minecraft:lantern":1,"minecraft:bone":1,"minecraft:wheat_seeds":14,"minecraft:spruce_planks":1,"minecraft:white_tulip":1,"minecraft:redstone_torch":1,"minecraft:jungle_sapling":1,"minecraft:smooth_quartz":1,"minecraft:oak_planks":1,"minecraft:dark_oak_stairs":1,"minecraft:stick":6,"minecraft:grass_block":1,"minecraft:dark_oak_fence":1,"minecraft:cod":4}},"DataVersion":3117}