{"stats":{"minecraft:picked_up":{"minecraft:wooden_axe":4,"minecraft:crafting_table":5,"minecraft:feather":12,"minecraft:chicken":4,"minecraft:ladder":2,"minecraft:andesite":20,"minecraft:wooden_pickaxe":4,"minecraft:oak_log":45,"minecraft:cobblestone_stairs":13,"minecraft:dirt":94,"minecraft:raw_copper":282,"minecraft:wooden_sword":2,"minecraft:cooked_mutton":2,"minecraft:bone":10,"minecraft:acacia_planks":48,"minecraft:wheat_seeds":55,"minecraft:cobbled_deepslate":1,"minecraft:raw_gold":1,"minecraft:beef":12,"minecraft:stone_pickaxe":2,"minecraft:poppy":4,"minecraft:iron_pickaxe":2,"minecraft:sugar_cane":32,"minecraft:chest":1,"minecraft:iron_sword":2,"minecraft:oak_planks":12,"minecraft:acacia_sapling":22,"minecraft:furnace":4,"minecraft:egg":3,"minecraft:stick":25,"minecraft:raw_iron":74,"minecraft:copper_ingot":8,"minecraft:torch":23,"minecraft:acacia_log":100,"minecraft:porkchop":8,"minecraft:sand":92,"minecraft:diorite":10,"minecraft:redstone":9,"minecraft:spider_eye":4,"minecraft:stone_sword":2,"minecraft:arrow":1,"minecraft:rotten_flesh":6,"minecraft:granite":7,"minecraft:oak_sapling":20,"minecraft:mutton":51,"minecraft:coal":82,"minecraft:white_wool":40,"minecraft:cobblestone":472},"minecraft:crafted":{"minecraft:cooked_beef":15,"minecraft:wooden_sword":2,"minecraft:oak_planks":40,"minecraft:oak_sign":3,"minecraft:cooked_porkchop":5,"minecraft:crafting_table":5,"minecraft:wooden_pickaxe":1,"minecraft:cooked_chicken":7,"minecraft:furnace":4,"minecraft:copper_ingot":26,"minecraft:cobblestone_stairs":44,"minecraft:cooked_mutton":27,"minecraft:air":0,"minecraft:glass":3,"minecraft:stick":36,"minecraft:iron_ingot":73,"minecraft:iron_pickaxe":1,"minecraft:stone_pickaxe":2,"minecraft:wooden_axe":2,"minecraft:stone_sword":1,"minecraft:gold_ingot":1,"minecraft:white_bed":2,"minecraft:acacia_planks":36,"minecraft:torch":88},"minecraft:broken":{"minecraft:wooden_sword":1,"minecraft:iron_pickaxe":1},"minecraft:custom":{"minecraft:interact_with_furnace":79,"minecraft:mob_kills":41,"minecraft:interact_with_crafting_table":17,"minecraft:leave_game":4,"minecraft:time_since_death":55860,"minecraft:climb_one_cm":2858,"minecraft:time_since_rest":55894,"minecraft:sprint_one_cm":135072,"minecraft:damage_taken":1475,"minecraft:walk_one_cm":335992,"minecraft:drop":9,"minecraft:damage_dealt":4211,"minecraft:fly_one_cm":74798,"minecraft:open_chest":11,"minecraft:play_time":86820,"minecraft:crouch_one_cm":27891,"minecraft:sneak_time":7948,"minecraft:deaths":4,"minecraft:walk_under_water_one_cm":7355,"minecraft:jump":1070,"minecraft:walk_on_water_one_cm":13059,"minecraft:total_world_time":86820,"minecraft:fall_one_cm":20349},"minecraft:killed_by":{"minecraft:skeleton":3,"minecraft:spider":1},"minecraft:dropped":{"minecraft:cooked_porkchop":3,"minecraft:cooked_mutton":3,"minecraft:poppy":1,"minecraft:wooden_axe":2,"minecraft:andesite":10,"minecraft:oak_sapling":5,"minecraft:arrow":1,"minecraft:stone_pickaxe":1},"minecraft:killed":{"minecraft:pig":3,"minecraft:spider":1,"minecraft:bat":1,"minecraft:sheep":19,"minecraft:skeleton":3,"minecraft:zombie":1,"minecraft:chicken":6,"minecraft:drowned":1,"minecraft:cow":5},"minecraft:used":{"minecraft:cooked_mutton":3,"minecraft:stone_sword":6,"minecraft:cobblestone_stairs":50,"minecraft:stone_pickaxe":108,"minecraft:ladder":1,"minecraft:oak_planks":9,"minecraft:oak_sign":1,"minecraft:chest":1,"minecraft:wooden_pickaxe":29,"minecraft:iron_sword":303,"minecraft:cooked_chicken":1,"minecraft:rotten_flesh":2,"minecraft:white_wool":1,"minecraft:torch":92,"minecraft:dirt":8,"minecraft:crafting_table":8,"minecraft:white_bed":2,"minecraft:granite":5,"minecraft:glass":3,"minecraft:wooden_axe":41,"minecraft:iron_pickaxe":479,"minecraft:wooden_sword":163,"minecraft:cobblestone":163,"minecraft:furnace":7,"minecraft:cooked_porkchop":2,"minecraft:cooked_beef":1},"minecraft:mined":{"minecraft:acacia_leaves":3,"minecraft:cobblestone_stairs":12,"minecraft:crafting_table":4,"minecraft:ladder":2,"minecraft:granite":5,"minecraft:acacia_log":25,"minecraft:grass_block":14,"minecraft:poppy":1,"minecraft:copper_ore":24,"minecraft:tall_grass":23,"minecraft:cobblestone":36,"minecraft:sugar_cane":4,"minecraft:wall_torch":3,"minecraft:diorite":4,"minecraft:redstone_ore":2,"minecraft:furnace":4,"minecraft:iron_ore":59,"minecraft:andesite":8,"minecraft:grass":195,"minecraft:coal_ore":71,"minecraft:oak_log":10,"minecraft:dirt":3,"minecraft:stone":366,"minecraft:gold_ore":1,"minecraft:oak_leaves":5,"minecraft:deepslate":1}},"DataVersion":3218}