{"stats":{"minecraft:killed_by":{"minecraft:zombie":1},"minecraft:custom":{"minecraft:time_since_rest":11133,"minecraft:interact_with_furnace":1,"minecraft:sprint_one_cm":15183,"minecraft:play_time":12507,"minecraft:deaths":1,"minecraft:damage_taken":380,"minecraft:walk_one_cm":63066,"minecraft:walk_under_water_one_cm":669,"minecraft:mob_kills":1,"minecraft:jump":179,"minecraft:damage_dealt":157,"minecraft:leave_game":5,"minecraft:walk_on_water_one_cm":1609,"minecraft:time_since_death":8607,"minecraft:total_world_time":12507,"minecraft:interact_with_crafting_table":1,"minecraft:fall_one_cm":1831,"minecraft:fly_one_cm":7017},"minecraft:killed":{"minecraft:spider":1},"minecraft:picked_up":{"minecraft:stick":4,"minecraft:wheat_seeds":1,"minecraft:acacia_log":16,"minecraft:acacia_sapling":6},"minecraft:mined":{"minecraft:grass":9,"minecraft:acacia_log":16,"minecraft:acacia_leaves":3}},"DataVersion":3218}