{"stats":{"minecraft:killed_by":{"minecraft:skeleton":1},"minecraft:broken":{"minecraft:stone_pickaxe":2,"minecraft:wooden_axe":1,"minecraft:wooden_pickaxe":1},"minecraft:custom":{"minecraft:interact_with_furnace":46,"minecraft:mob_kills":42,"minecraft:interact_with_crafting_table":24,"minecraft:leave_game":1,"minecraft:time_since_death":78090,"minecraft:climb_one_cm":4254,"minecraft:time_since_rest":78119,"minecraft:sprint_one_cm":60022,"minecraft:damage_taken":1325,"minecraft:walk_one_cm":340974,"minecraft:drop":8,"minecraft:damage_dealt":4992,"minecraft:fly_one_cm":87450,"minecraft:open_chest":10,"minecraft:crouch_one_cm":9708,"minecraft:play_time":80601,"minecraft:deaths":1,"minecraft:sneak_time":3353,"minecraft:walk_under_water_one_cm":833,"minecraft:jump":1178,"minecraft:walk_on_water_one_cm":4744,"minecraft:total_world_time":80601,"minecraft:fall_one_cm":26649},"minecraft:used":{"minecraft:cooked_mutton":9,"minecraft:diorite":26,"minecraft:stone_sword":99,"minecraft:cobblestone_stairs":13,"minecraft:stone_pickaxe":311,"minecraft:ladder":8,"minecraft:chest":3,"minecraft:wooden_pickaxe":59,"minecraft:iron_sword":52,"minecraft:torch":33,"minecraft:dirt":13,"minecraft:crafting_table":3,"minecraft:acacia_sapling":1,"minecraft:granite":1,"minecraft:glass":2,"minecraft:wooden_axe":32,"minecraft:acacia_door":1,"minecraft:iron_pickaxe":39,"minecraft:gravel":1,"minecraft:smooth_basalt":1,"minecraft:cobblestone":86,"minecraft:bow":1,"minecraft:furnace":2,"minecraft:cooked_porkchop":5,"minecraft:acacia_planks":42},"minecraft:crafted":{"minecraft:cooked_porkchop":17,"minecraft:crafting_table":1,"minecraft:cooked_chicken":4,"minecraft:wooden_pickaxe":1,"minecraft:iron_sword":2,"minecraft:furnace":2,"minecraft:copper_ingot":22,"minecraft:cobblestone_stairs":12,"minecraft:cooked_mutton":6,"minecraft:glass":20,"minecraft:bow":1,"minecraft:ladder":9,"minecraft:stick":52,"minecraft:iron_ingot":50,"minecraft:iron_pickaxe":2,"minecraft:stone_pickaxe":2,"minecraft:chest":2,"minecraft:stone_sword":1,"minecraft:acacia_door":3,"minecraft:acacia_planks":140,"minecraft:torch":32},"minecraft:dropped":{"minecraft:iron_sword":1,"minecraft:wheat_seeds":2,"minecraft:rotten_flesh":7,"minecraft:granite":5,"minecraft:cobblestone_stairs":2,"minecraft:andesite":2,"minecraft:iron_pickaxe":1},"minecraft:mined":{"minecraft:cobblestone_stairs":3,"minecraft:crafting_table":2,"minecraft:torch":2,"minecraft:granite":6,"minecraft:acacia_log":44,"minecraft:grass_block":9,"minecraft:chest":2,"minecraft:tall_grass":6,"minecraft:cobblestone":9,"minecraft:copper_ore":38,"minecraft:oak_planks":1,"minecraft:diorite":23,"minecraft:wall_torch":3,"minecraft:spawner":1,"minecraft:furnace":1,"minecraft:iron_ore":71,"minecraft:andesite":2,"minecraft:pumpkin":10,"minecraft:grass":22,"minecraft:coal_ore":82,"minecraft:gravel":1,"minecraft:dirt":34,"minecraft:smooth_basalt":1,"minecraft:stone":168},"minecraft:killed":{"minecraft:pig":7,"minecraft:spider":3,"minecraft:sheep":4,"minecraft:skeleton":11,"minecraft:zombie":5,"minecraft:chicken":7,"minecraft:cow":4},"minecraft:picked_up":{"minecraft:wooden_axe":2,"minecraft:crafting_table":2,"minecraft:feather":1,"minecraft:chicken":7,"minecraft:andesite":12,"minecraft:leather":3,"minecraft:wooden_pickaxe":1,"minecraft:oak_log":10,"minecraft:cobblestone_stairs":5,"minecraft:string":3,"minecraft:dirt":45,"minecraft:raw_copper":114,"minecraft:wooden_sword":1,"minecraft:cooked_mutton":3,"minecraft:bone":18,"minecraft:acacia_planks":18,"minecraft:wheat_seeds":4,"minecraft:beef":3,"minecraft:stone_pickaxe":1,"minecraft:poppy":1,"minecraft:oak_planks":1,"minecraft:sugar_cane":8,"minecraft:chest":1,"minecraft:acacia_sapling":4,"minecraft:egg":2,"minecraft:furnace":1,"minecraft:stick":4,"minecraft:raw_iron":70,"minecraft:smooth_basalt":1,"minecraft:cooked_porkchop":3,"minecraft:pumpkin":10,"minecraft:torch":7,"minecraft:acacia_log":43,"minecraft:gravel":1,"minecraft:porkchop":17,"minecraft:sand":23,"minecraft:diorite":26,"minecraft:spider_eye":1,"minecraft:arrow":13,"minecraft:rotten_flesh":6,"minecraft:granite":6,"minecraft:oak_sapling":5,"minecraft:mutton":14,"minecraft:coal":88,"minecraft:white_wool":11,"minecraft:cobblestone":163}},"DataVersion":3218}