{"stats":{"minecraft:used":{"minecraft:wooden_axe":10,"minecraft:wooden_sword":19,"minecraft:crafting_table":2},"minecraft:custom":{"minecraft:crouch_one_cm":71,"minecraft:time_since_rest":5555,"minecraft:play_time":5555,"minecraft:sprint_one_cm":2428,"minecraft:damage_taken":180,"minecraft:walk_one_cm":22203,"minecraft:sneak_time":8,"minecraft:walk_under_water_one_cm":8630,"minecraft:mob_kills":3,"minecraft:jump":19,"minecraft:damage_dealt":615,"minecraft:leave_game":1,"minecraft:time_since_death":5555,"minecraft:walk_on_water_one_cm":9274,"minecraft:total_world_time":5555,"minecraft:swim_one_cm":10249,"minecraft:interact_with_crafting_table":2,"minecraft:fly_one_cm":435},"minecraft:crafted":{"minecraft:wooden_sword":1,"minecraft:acacia_planks":16,"minecraft:crafting_table":1,"minecraft:stick":8,"minecraft:wooden_pickaxe":1,"minecraft:wooden_axe":1},"minecraft:killed":{"minecraft:spider":2,"minecraft:turtle":1},"minecraft:mined":{"minecraft:grass":38,"minecraft:acacia_log":12,"minecraft:poppy":2,"minecraft:acacia_leaves":2,"minecraft:tall_grass":3,"minecraft:crafting_table":2},"minecraft:picked_up":{"minecraft:crafting_table":2,"minecraft:seagrass":1,"minecraft:wheat_seeds":3,"minecraft:acacia_log":11,"minecraft:poppy":2,"minecraft:string":1}},"DataVersion":3218}