{"stats":{"minecraft:broken":{"minecraft:shears":1,"minecraft:stone_hoe":1,"minecraft:wooden_pickaxe":1,"minecraft:stone_pickaxe":16,"minecraft:iron_axe":1,"minecraft:stone_axe":1,"minecraft:stone_shovel":9},"minecraft:killed_by":{"minecraft:skeleton":3,"minecraft:zombie":4},"minecraft:killed":{"minecraft:spider":1,"minecraft:skeleton":1,"minecraft:creeper":1,"minecraft:zombie":12},"minecraft:crafted":{"minecraft:oak_door":9,"minecraft:yellow_wool":16,"minecraft:oak_planks":788,"minecraft:cobblestone_slab":36,"minecraft:stone_shovel":14,"minecraft:oak_sign":3,"minecraft:iron_nugget":45,"minecraft:furnace":11,"minecraft:cobblestone_stairs":20,"minecraft:jack_o_lantern":1,"minecraft:glass_pane":80,"minecraft:glass":30,"minecraft:lantern":5,"minecraft:iron_axe":2,"minecraft:ladder":3,"minecraft:stone_pickaxe":20,"minecraft:cobblestone_wall":96,"minecraft:chest":15,"minecraft:stone_hoe":3,"minecraft:oak_fence":78,"minecraft:sugar":4,"minecraft:oak_slab":24,"minecraft:crafting_table":5,"minecraft:wooden_pickaxe":2,"minecraft:birch_planks":4,"minecraft:bucket":1,"minecraft:pumpkin_seeds":44,"minecraft:campfire":4,"minecraft:stone_axe":2,"minecraft:bread":27,"minecraft:air":0,"minecraft:oak_fence_gate":4,"minecraft:charcoal":5,"minecraft:yellow_dye":19,"minecraft:stick":232,"minecraft:iron_ingot":63,"minecraft:iron_pickaxe":3,"minecraft:oak_stairs":76,"minecraft:stone_sword":2,"minecraft:iron_shovel":1,"minecraft:white_bed":2,"minecraft:pumpkin_pie":4,"minecraft:torch":232,"minecraft:shears":1},"minecraft:mined":{"minecraft:attached_pumpkin_stem":1,"minecraft:tuff":38,"minecraft:farmland":9,"minecraft:white_bed":3,"minecraft:oak_sapling":1,"minecraft:deepslate_diamond_ore":8,"minecraft:oak_door":2,"minecraft:cobblestone_stairs":2,"minecraft:carved_pumpkin":1,"minecraft:ladder":2,"minecraft:granite":126,"minecraft:grass_block":800,"minecraft:furnace":6,"minecraft:iron_ore":75,"minecraft:cobbled_deepslate":3,"minecraft:andesite":187,"minecraft:pumpkin":87,"minecraft:deepslate_iron_ore":7,"minecraft:oak_sign":5,"minecraft:cobblestone_slab":27,"minecraft:dirt_path":2,"minecraft:oak_stairs":9,"minecraft:lantern":4,"minecraft:stripped_oak_log":7,"minecraft:stone":1098,"minecraft:white_wool":18,"minecraft:oak_slab":7,"minecraft:glass_pane":5,"minecraft:dandelion":21,"minecraft:oak_fence":14,"minecraft:crafting_table":8,"minecraft:torch":47,"minecraft:chest":20,"minecraft:campfire":1,"minecraft:tall_grass":73,"minecraft:copper_ore":30,"minecraft:cobblestone":135,"minecraft:sugar_cane":19,"minecraft:oak_planks":86,"minecraft:diorite":90,"minecraft:wall_torch":55,"minecraft:deepslate_copper_ore":2,"minecraft:cobblestone_wall":3,"minecraft:yellow_wool":5,"minecraft:birch_log":2,"minecraft:wheat":115,"minecraft:birch_leaves":4,"minecraft:pumpkin_stem":9,"minecraft:grass":673,"minecraft:oak_log":293,"minecraft:coal_ore":177,"minecraft:oak_fence_gate":2,"minecraft:gravel":28,"minecraft:sand":205,"minecraft:dirt":274,"minecraft:oak_leaves":267,"minecraft:deepslate":241},"minecraft:used":{"minecraft:oak_fence":86,"minecraft:jack_o_lantern":1,"minecraft:stone_sword":71,"minecraft:iron_shovel":39,"minecraft:stone_shovel":1299,"minecraft:ladder":5,"minecraft:oak_sign":8,"minecraft:chest":35,"minecraft:stone_hoe":292,"minecraft:oak_door":8,"minecraft:torch":251,"minecraft:dirt":680,"minecraft:cobblestone_wall":91,"minecraft:tuff":5,"minecraft:oak_fence_gate":6,"minecraft:lantern":11,"minecraft:iron_axe":328,"minecraft:oak_stairs":85,"minecraft:birch_sapling":1,"minecraft:oak_sapling":11,"minecraft:furnace":17,"minecraft:cobbled_deepslate":11,"minecraft:pumpkin":1,"minecraft:wheat_seeds":307,"minecraft:water_bucket":59,"minecraft:cobblestone_stairs":14,"minecraft:stone_pickaxe":2049,"minecraft:oak_planks":278,"minecraft:wooden_pickaxe":64,"minecraft:sugar_cane":35,"minecraft:cobblestone_slab":47,"minecraft:oak_leaves":176,"minecraft:white_wool":18,"minecraft:sand":24,"minecraft:oak_slab":20,"minecraft:crafting_table":12,"minecraft:white_bed":5,"minecraft:campfire":4,"minecraft:pumpkin_seeds":52,"minecraft:shears":215,"minecraft:oak_log":36,"minecraft:apple":1,"minecraft:iron_pickaxe":276,"minecraft:bread":12,"minecraft:yellow_wool":21,"minecraft:stone_axe":175,"minecraft:cobblestone":448,"minecraft:bucket":59,"minecraft:glass_pane":61,"minecraft:pumpkin_pie":1,"minecraft:dandelion":1},"minecraft:custom":{"minecraft:mob_kills":15,"minecraft:animals_bred":9,"minecraft:interact_with_crafting_table":130,"minecraft:leave_game":35,"minecraft:time_since_death":179270,"minecraft:climb_one_cm":1620,"minecraft:sprint_one_cm":381676,"minecraft:walk_one_cm":2891835,"minecraft:play_time":538651,"minecraft:sneak_time":8968,"minecraft:deaths":7,"minecraft:walk_under_water_one_cm":19320,"minecraft:jump":3552,"minecraft:walk_on_water_one_cm":27301,"minecraft:total_world_time":538651,"minecraft:interact_with_furnace":42,"minecraft:sleep_in_bed":39,"minecraft:time_since_rest":12334,"minecraft:damage_taken":2115,"minecraft:damage_dealt":2704,"minecraft:fly_one_cm":52193,"minecraft:open_chest":312,"minecraft:crouch_one_cm":17194,"minecraft:fall_one_cm":27213,"minecraft:horse_one_cm":10920},"minecraft:picked_up":{"minecraft:charcoal":2,"minecraft:crafting_table":8,"minecraft:wheat":108,"minecraft:ladder":2,"minecraft:yellow_wool":5,"minecraft:oak_stairs":9,"minecraft:string":1,"minecraft:raw_copper":140,"minecraft:iron_shovel":1,"minecraft:oak_sign":5,"minecraft:cobbled_deepslate":330,"minecraft:bucket":1,"minecraft:cobblestone_slab":32,"minecraft:iron_nugget":2,"minecraft:iron_pickaxe":3,"minecraft:birch_sapling":2,"minecraft:sugar_cane":39,"minecraft:chest":20,"minecraft:furnace":6,"minecraft:egg":19,"minecraft:stick":19,"minecraft:raw_iron":82,"minecraft:oak_door":4,"minecraft:oak_fence":14,"minecraft:torch":135,"minecraft:diorite":172,"minecraft:rotten_flesh":31,"minecraft:stone_shovel":9,"minecraft:arrow":6,"minecraft:stone_sword":2,"minecraft:pumpkin_pie":1,"minecraft:carved_pumpkin":1,"minecraft:white_wool":52,"minecraft:cobblestone":1754,"minecraft:stripped_oak_log":7,"minecraft:birch_log":2,"minecraft:andesite":197,"minecraft:flint":2,"minecraft:tuff":68,"minecraft:oak_log":292,"minecraft:cobblestone_wall":2,"minecraft:gunpowder":1,"minecraft:cobblestone_stairs":2,"minecraft:dirt":1201,"minecraft:lantern":6,"minecraft:bone":6,"minecraft:apple":1,"minecraft:wheat_seeds":391,"minecraft:iron_ingot":93,"minecraft:stone_pickaxe":11,"minecraft:oak_fence_gate":2,"minecraft:stone_hoe":2,"minecraft:oak_planks":212,"minecraft:oak_slab":7,"minecraft:pumpkin":87,"minecraft:dandelion":27,"minecraft:gravel":31,"minecraft:sand":208,"minecraft:white_bed":3,"minecraft:pumpkin_seeds":18,"minecraft:diamond":16,"minecraft:granite":253,"minecraft:bread":8,"minecraft:oak_sapling":17,"minecraft:coal":266,"minecraft:oak_leaves":197}},"DataVersion":3218}