{"stats":{"minecraft:killed":{"minecraft:pig":1,"minecraft:axolotl":3,"minecraft:villager":1},"minecraft:used":{"minecraft:oak_fence":4,"minecraft:azalea":3,"minecraft:oak_trapdoor":5,"minecraft:wheat_seeds":4,"minecraft:moss_carpet":3,"minecraft:mossy_stone_bricks":10,"minecraft:water_bucket":1330,"minecraft:waxed_oxidized_cut_copper_slab":20,"minecraft:polished_blackstone_brick_slab":2,"minecraft:red_sand":1,"minecraft:orange_concrete":87,"minecraft:dark_oak_sign":3,"minecraft:oak_planks":31,"minecraft:elytra":1,"minecraft:oak_sign":12,"minecraft:chest":1,"minecraft:wooden_shovel":182,"minecraft:cracked_stone_bricks":12,"minecraft:torch":2,"minecraft:mossy_cobblestone":1,"minecraft:dirt":188,"minecraft:sand":32,"minecraft:light_blue_concrete":26,"minecraft:tnt":3,"minecraft:crafting_table":1,"minecraft:light_blue_wool":2,"minecraft:cod_bucket":26,"minecraft:campfire":7,"minecraft:sponge":2,"minecraft:salmon_bucket":49,"minecraft:axolotl_bucket":3,"minecraft:light_blue_stained_glass":37,"minecraft:blue_concrete":1,"minecraft:oak_fence_gate":3,"minecraft:redstone_torch":4,"minecraft:stone_brick_slab":510,"minecraft:sea_lantern":170,"minecraft:cornflower":5,"minecraft:apple":5,"minecraft:oxeye_daisy":2,"minecraft:red_wool":279,"minecraft:lantern":1,"minecraft:grass_block":4985,"minecraft:oak_stairs":2,"minecraft:lectern":3,"minecraft:pink_wool":150,"minecraft:raw_gold_block":18,"minecraft:stone_brick_stairs":54,"minecraft:stone_bricks":679,"minecraft:yellow_wool":766,"minecraft:diamond_sword":9,"minecraft:glowstone":8,"minecraft:light_blue_concrete_powder":470,"minecraft:magma_block":3,"minecraft:infested_cracked_stone_bricks":2,"minecraft:bucket":6,"minecraft:lapis_block":62,"minecraft:tropical_fish_bucket":19,"minecraft:purple_wool":206},"minecraft:dropped":{"minecraft:sugar_cane":1,"minecraft:cornflower":5,"minecraft:redstone_torch":1},"minecraft:custom":{"minecraft:mob_kills":5,"minecraft:interact_with_crafting_table":10,"minecraft:bell_ring":6,"minecraft:leave_game":9,"minecraft:time_since_death":367521,"minecraft:sleep_in_bed":3,"minecraft:climb_one_cm":1063,"minecraft:time_since_rest":367559,"minecraft:sprint_one_cm":5194,"minecraft:damage_taken":1318,"minecraft:walk_one_cm":1020139,"minecraft:drop":3,"minecraft:damage_dealt":838,"minecraft:swim_one_cm":1127,"minecraft:talked_to_villager":14,"minecraft:fly_one_cm":3739562,"minecraft:open_chest":6,"minecraft:crouch_one_cm":29621,"minecraft:play_time":439392,"minecraft:deaths":4,"minecraft:sneak_time":23404,"minecraft:walk_under_water_one_cm":143438,"minecraft:aviate_one_cm":16839,"minecraft:jump":1015,"minecraft:walk_on_water_one_cm":100776,"minecraft:total_world_time":439392,"minecraft:fall_one_cm":11126},"minecraft:crafted":{"minecraft:oak_planks":40,"minecraft:wooden_shovel":3,"minecraft:crafting_table":1,"minecraft:stick":4},"minecraft:broken":{"minecraft:wooden_shovel":3},"minecraft:mined":{"minecraft:dandelion":57,"minecraft:cornflower":5,"minecraft:grass_block":171,"minecraft:poppy":8,"minecraft:tall_grass":57,"minecraft:sugar_cane":6,"minecraft:oxeye_daisy":7,"minecraft:wheat":5,"minecraft:bee_nest":1,"minecraft:azure_bluet":7,"minecraft:grass":466,"minecraft:oak_log":10,"minecraft:sunflower":92,"minecraft:sand":48,"minecraft:dirt":11,"minecraft:oak_leaves":6},"minecraft:picked_up":{"minecraft:cocoa_beans":7,"minecraft:wheat":20,"minecraft:azure_bluet":25,"minecraft:salmon":6,"minecraft:oak_log":10,"minecraft:cornflower":15,"minecraft:dirt":353,"minecraft:cooked_mutton":1,"minecraft:bone":10,"minecraft:apple":1,"minecraft:wheat_seeds":411,"minecraft:redstone_torch":2,"minecraft:jungle_sapling":8,"minecraft:poppy":32,"minecraft:sugar_cane":37,"minecraft:oak_planks":31,"minecraft:stick":33,"minecraft:torch":4,"minecraft:dandelion":244,"minecraft:porkchop":3,"minecraft:sand":106,"minecraft:gold_ore":2,"minecraft:mossy_cobblestone":2,"minecraft:tnt":1,"minecraft:arrow":15,"minecraft:rotten_flesh":10,"minecraft:oak_sapling":13,"minecraft:oxeye_daisy":6,"minecraft:sunflower":325},"minecraft:killed_by":{"minecraft:player":3,"minecraft:zombie":1}},"DataVersion":3117}