{"stats":{"minecraft:killed":{"minecraft:creeper":4},"minecraft:used":{"minecraft:big_dripleaf":6,"minecraft:dark_oak_stairs":6,"minecraft:dark_oak_planks":308,"minecraft:water_bucket":469,"minecraft:netherite_sword":18,"minecraft:iron_bars":1,"minecraft:snow_block":15,"minecraft:lantern":6,"minecraft:grass_block":5980,"minecraft:dark_oak_sign":1,"minecraft:pufferfish_spawn_egg":7,"minecraft:quartz_block":24,"minecraft:spruce_planks":47,"minecraft:dark_oak_slab":61,"minecraft:tropical_fish_spawn_egg":11,"minecraft:diamond_ore":10,"minecraft:cobblestone_slab":8,"minecraft:dark_oak_trapdoor":4,"minecraft:glowstone":2,"minecraft:cobblestone":10,"minecraft:stripped_dark_oak_log":364,"minecraft:dark_oak_fence":73,"minecraft:chain":6,"minecraft:glass_pane":81,"minecraft:cod_bucket":21,"minecraft:sponge":33,"minecraft:white_concrete":182,"minecraft:granite":138,"minecraft:squid_spawn_egg":3,"minecraft:snowball":260,"minecraft:seagrass":40,"minecraft:dark_oak_door":6},"minecraft:dropped":{"minecraft:wheat_seeds":10,"minecraft:cocoa_beans":3,"minecraft:spruce_planks":1},"minecraft:custom":{"minecraft:time_since_rest":338876,"minecraft:sprint_one_cm":12243,"minecraft:walk_one_cm":114497,"minecraft:mob_kills":4,"minecraft:drop":14,"minecraft:damage_dealt":929,"minecraft:swim_one_cm":170,"minecraft:fly_one_cm":793513,"minecraft:open_barrel":1,"minecraft:open_chest":1,"minecraft:crouch_one_cm":303,"minecraft:play_time":338876,"minecraft:sneak_time":5072,"minecraft:walk_under_water_one_cm":184599,"minecraft:boat_one_cm":22797,"minecraft:jump":261,"minecraft:leave_game":1,"minecraft:walk_on_water_one_cm":157688,"minecraft:time_since_death":338876,"minecraft:climb_one_cm":948,"minecraft:total_world_time":338876},"minecraft:picked_up":{"minecraft:cocoa_beans":12,"minecraft:stick":6,"minecraft:bone":1,"minecraft:wheat_seeds":13,"minecraft:spruce_planks":1,"minecraft:jungle_sapling":1,"minecraft:cod":4}},"DataVersion":3117}